[
  {
    "id": 1,
    "name": "科学",
    "slug": "changelife",
    "isDelete": false
  },
  {
    "id": 2,
    "name": "八卦",
    "slug": "fly",
    "isDelete": false
  },
  {
    "id": 3,
    "name": "不科学啊1",
    "slug": "kexuen",
    "isDelete": true
  },
  {
    "id": 4,
    "name": "新闻",
    "slug": "comfortablehome",
    "isDelete": false
  },
  {
    "id": 5,
    "name": "奇异",
    "slug": "outhome",
    "isDelete": false
  },
  {
    "id": 6,
    "name": "1",
    "slug": "12",
    "isDelete": true
  },
  {
    "id": 7,
    "name": "本地的就是爽",
    "slug": "niubi",
    "isDelete": true
  },
  {
    "id": 8,
    "name": "军事",
    "slug": "eyekillyou",
    "isDelete": false
  },
  {
    "id": 9,
    "name": "你是一个好人",
    "slug": "goodman",
    "isDelete": true
  },
  {
    "id": 10,
    "name": "还是做朋友吧",
    "slug": "friend",
    "isDelete": true
  }
]
